{
  "replicas": {
    "0": {
      "2": [
        6.206781273988951,
        6.829423771298032,
        6.0438277448391835
      ],
      "0": [
        5.952014445601085,
        5.932820695104843,
        5.673597558151591
      ],
      "3": [
        6.154405673896431,
        4.449917111165523,
        3.4893327014684887
      ],
      "1": [
        6.18439527800873,
        4.773784783813866,
        3.820723269629816
      ],
      "4": [
        5.092538006411052,
        0.0,
        0.15515090016014838
      ],
      "5": [
        1.2281991192572126,
        0.0,
        0.0
      ]
    },
    "3": {
      "0": [
        4.651680290114102,
        4.653933879770534,
        5.811416613963724
      ],
      "1": [
        4.124233714127638,
        5.005601256869433,
        5.812642803629582
      ],
      "2": [
        4.520655815965721,
        5.082589474721341,
        5.4116525855105
      ],
      "3": [
        4.836470681892965,
        3.6794872372686793,
        2.557104390366208
      ],
      "4": [
        3.450229041578822,
        0.0,
        0.0
      ]
    },
    "1": {
      "0": [
        5.636641641584069,
        5.769632047439393,
        6.375191243644064
      ],
      "1": [
        4.882374191944775,
        5.488598697288866,
        6.870688108284979
      ],
      "3": [
        6.04834907827209,
        4.333175305820456,
        3.347595383812453
      ],
      "2": [
        5.913735411560322,
        6.979141025466696,
        6.049762936774327
      ],
      "4": [
        4.818961383897101,
        0.0647206224853628,
        0.0
      ]
    },
    "4": {
      "0": [
        3.4322774025397056,
        3.3491666662852357,
        3.8570839876501033
      ],
      "1": [
        3.516922345626233,
        3.9348502897198623,
        4.067699841434739
      ],
      "2": [
        4.212432621860479,
        4.195668384942313,
        4.211334828562554
      ],
      "3": [
        4.194533014140197,
        2.857352391281743,
        2.7183642399176597
      ],
      "4": [
        3.191275056620275,
        1.1406170962482356,
        0.0
      ]
    },
    "2": {
      "0": [
        5.252544475982657,
        5.421931492978185,
        6.37864197812501
      ],
      "1": [
        4.946684818823979,
        4.868933788218758,
        6.534822138823369
      ],
      "2": [
        5.111859285058084,
        6.627264072476738,
        5.801065794403991
      ],
      "3": [
        3.3911997636282827,
        6.171756333454766,
        2.2712140616372127
      ],
      "4": [
        3.071782930843769,
        0.0,
        0.0
      ]
    }
  },
  "max_num_seqs": {
    "0": {
      "3": [
        5.913294296962066,
        6.189823337676462,
        5.861998037251741
      ],
      "1": [
        5.805969402903495,
        5.9106344122664485,
        6.426192342473862
      ],
      "0": [
        4.757996790547974,
        5.12997913841268,
        6.263039863785299
      ],
      "2": [
        6.1142942974424015,
        6.549900793976252,
        6.100117799793719
      ],
      "4": [
        1.5998643552480267,
        0.0,
        0.0
      ]
    },
    "3": {
      "0": [
        3.6368919380293208,
        4.3925464942783226,
        5.657919377942617
      ],
      "1": [
        4.362884492035059,
        5.185998285840767,
        5.907979550150903
      ],
      "2": [
        4.39963874603704,
        5.985769524421036,
        5.323276656813807
      ],
      "3": [
        4.821160673583853,
        3.642518060687329,
        3.2502884166899273
      ]
    },
    "1": {
      "0": [
        5.094613821716785,
        5.202427026423374,
        5.992630298289317
      ],
      "3": [
        6.337776074548004,
        2.7220912266429056,
        2.4698240021120044
      ],
      "1": [
        5.550621875155403,
        6.441170517875842,
        6.10643010248505
      ],
      "2": [
        6.004975032983083,
        6.665955085015583,
        6.246020557881684
      ]
    },
    "4": {
      "0": [
        2.531799811366327,
        2.7863266132403792,
        4.398348618470811
      ],
      "1": [
        3.612021178592436,
        4.167965407559572,
        4.199513451417062
      ],
      "2": [
        4.162381939235579,
        4.339737608495512,
        4.298142128114399
      ],
      "3": [
        4.3062014525833,
        4.205611091979709,
        4.1097031055195155
      ],
      "4": [
        0.42542208001690707,
        0.0,
        0.0
      ]
    },
    "2": {
      "0": [
        4.477221897197905,
        5.432951972982624,
        6.102821031940057
      ],
      "1": [
        5.154123540566792,
        6.067423147172654,
        6.43413708182977
      ],
      "3": [
        5.700234825949952,
        0.34538408690944156,
        1.259502379606006
      ],
      "2": [
        5.434997537073379,
        6.4842650070237635,
        6.145367381859365
      ]
    }
  }
}